Awanui|500100|Awanui|87|147|234|.37179487179|.62820512820
Karikari Peninsula-Maungataniwha|500202|Karikari Peninsula-Maungataniwha|1977|1185|3162|.62523719165|.37476280834
Taipa Bay-Mangonui|500203|Taipa Bay-Mangonui|732|564|1296|.56481481481|.43518518518
Herekino|500204|Herekino|771|609|1380|.55869565217|.44130434782
Ahipara|500205|Ahipara|366|339|705|.51914893617|.48085106382
North Cape|500206|North Cape|132|162|294|.44897959183|.55102040816
Houhora|500207|Houhora|378|270|648|.58333333333|.41666666666
Motutangi-Kareponia|500208|Motutangi-Kareponia|645|513|1158|.55699481865|.44300518134
Kaitaia West|500301|Kaitaia West|741|1272|2013|.36810730253|.63189269746
Kaitaia East|500302|Kaitaia East|402|660|1062|.37853107344|.62146892655
Kaeo|500401|Kaeo|129|186|315|.40952380952|.59047619047
Mangapa-Matauri Bay|500402|Mangapa-Matauri Bay|1005|765|1770|.56779661016|.43220338983
Kohukohu|500500|Kohukohu|81|42|123|.65853658536|.34146341463
Rawene|500600|Rawene|162|183|345|.46956521739|.53043478260
Omapere and Opononi|500700|Omapere and Opononi|96|183|279|.34408602150|.65591397849
Hokianga North|500801|Hokianga North|600|564|1164|.51546391752|.48453608247
Hokianga South|500802|Hokianga South|903|858|1761|.51277683134|.48722316865
Kerikeri|500900|Kerikeri|2757|2181|4938|.55832320777|.44167679222
Russell|501000|Russell|354|240|594|.59595959595|.40404040404
Paihia|501100|Paihia|606|678|1284|.47196261682|.52803738317
Haruru Falls|501200|Haruru Falls|342|306|648|.52777777777|.47222222222
Opua East|501300|Opua East|156|84|240|.65000000000|.35000000000
Kawakawa|501400|Kawakawa|291|462|753|.38645418326|.61354581673
Moerewa|501500|Moerewa|303|489|792|.38257575757|.61742424242
Opua West|501612|Opua West|135|54|189|.71428571428|.28571428571
Bay of Islands|501613|Bay of Islands|6|3|9|.66666666666|.33333333333
Kapiro|501614|Kapiro|1272|732|2004|.63473053892|.36526946107
Waitangi|501615|Waitangi|375|264|639|.58685446009|.41314553990
Pokere-Waihaha|501620|Pokere-Waihaha|963|738|1701|.56613756613|.43386243386
Okaihau|501631|Okaihau|240|195|435|.55172413793|.44827586206
Ohaeawai|501632|Ohaeawai|327|192|519|.63005780346|.36994219653
Waihou Valley-Hupara|501633|Waihou Valley-Hupara|1503|906|2409|.62391033623|.37608966376
Ngapuhi-Kaikou|501634|Ngapuhi-Kaikou|654|879|1533|.42661448140|.57338551859
Kaikohe|501700|Kaikohe|702|1584|2286|.30708661417|.69291338582
Opouteke-Tanekaha|501802|Opouteke-Tanekaha|2106|1230|3336|.63129496402|.36870503597
Marsden Point-Ruakaka|501806|Marsden Point-Ruakaka|1419|1218|2637|.53811149032|.46188850967
Ngunguru|501807|Ngunguru|765|429|1194|.64070351758|.35929648241
Wharekohe-Oakleigh|501809|Wharekohe-Oakleigh|1812|846|2658|.68171557562|.31828442437
Maungatapere|501810|Maungatapere|660|330|990|.66666666666|.33333333333
Waiotira-Springfield|501811|Waiotira-Springfield|873|573|1446|.60373443983|.39626556016
Whangaruru Harbour|501813|Whangaruru Harbour|0|0|0|.00000000000|.00000000000
Punaruku-Kiripaka|501814|Punaruku-Kiripaka|1851|1047|2898|.63871635610|.36128364389
Bream Bay|501815|Bream Bay|423|219|642|.65887850467|.34112149532
Waipu|501816|Waipu|795|552|1347|.59020044543|.40979955456
Pataua-Whareora|501817|Pataua-Whareora|552|252|804|.68656716417|.31343283582
Parua Bay|501818|Parua Bay|1098|459|1557|.70520231213|.29479768786
Bream Head|501819|Bream Head|672|372|1044|.64367816091|.35632183908
Springs Flat|502001|Springs Flat|669|438|1107|.60433604336|.39566395663
Three Mile Bush|502002|Three Mile Bush|522|204|726|.71900826446|.28099173553
Te Hihi|502003|Te Hihi|633|249|882|.71768707482|.28231292517
Abbey Caves|502004|Abbey Caves|339|120|459|.73856209150|.26143790849
Otaika-Portland|502005|Otaika-Portland|486|297|783|.62068965517|.37931034482
Kamo West|502101|Kamo West|1755|1119|2874|.61064718162|.38935281837
Kamo East|502102|Kamo East|1140|1176|2316|.49222797927|.50777202072
Tikipunga West|502201|Tikipunga West|999|1092|2091|.47776183644|.52223816355
Tikipunga East|502202|Tikipunga East|1134|927|2061|.55021834061|.44978165938
Whau Valley|502300|Whau Valley|936|879|1815|.51570247933|.48429752066
Otangarei|502400|Otangarei|261|810|1071|.24369747899|.75630252100
Western Hills|502500|Western Hills|102|69|171|.59649122807|.40350877192
Kensington|502600|Kensington|450|498|948|.47468354430|.52531645569
Mairtown|502700|Mairtown|915|939|1854|.49352750809|.50647249190
Regent|502800|Regent|468|783|1251|.37410071942|.62589928057
Woodhill|502900|Woodhill|519|756|1275|.40705882352|.59294117647
Vinetown|503000|Vinetown|354|771|1125|.31466666666|.68533333333
Whangarei Central|503100|Whangarei Central|45|84|129|.34883720930|.65116279069
Riverside|503200|Riverside|324|264|588|.55102040816|.44897959183
Horahora|503300|Horahora|375|441|816|.45955882352|.54044117647
Maunu|503400|Maunu|639|453|1092|.58516483516|.41483516483
Raumanga East|503500|Raumanga East|336|678|1014|.33136094674|.66863905325
Morningside|503600|Morningside|564|867|1431|.39412997903|.60587002096
Parahaki|503700|Parahaki|498|363|861|.57839721254|.42160278745
Raumanga West|503800|Raumanga West|702|1101|1803|.38935108153|.61064891846
Port-Limeburners|503900|Port-Limeburners|15|9|24|.62500000000|.37500000000
Sherwood Rise|504000|Sherwood Rise|1632|1125|2757|.59194776931|.40805223068
Onerahi|504100|Onerahi|816|645|1461|.55852156057|.44147843942
Hikurangi|504300|Hikurangi|441|459|900|.49000000000|.51000000000
Te Kopuru|504400|Te Kopuru|180|147|327|.55045871559|.44954128440
Kaipara Coastal|504501|Kaipara Coastal|1233|1005|2238|.55093833780|.44906166219
Maungaru|504502|Maungaru|750|486|1236|.60679611650|.39320388349
Dargaville|504600|Dargaville|1608|1551|3159|.50902184235|.49097815764
Maungaturoto|504700|Maungaturoto|309|207|516|.59883720930|.40116279069
Ruawai|504800|Ruawai|168|141|309|.54368932038|.45631067961
Kaiwaka|504900|Kaiwaka|222|207|429|.51748251748|.48251748251
Rehia-Oneriri|505010|Rehia-Oneriri|2394|1674|4068|.58849557522|.41150442477
Mangawhai|505021|Mangawhai|729|309|1038|.70231213872|.29768786127
Mangawhai Heads|505022|Mangawhai Heads|594|327|921|.64495114006|.35504885993
Wellsford|505300|Wellsford|606|603|1209|.50124069478|.49875930521
Leigh|505400|Leigh|192|126|318|.60377358490|.39622641509
Warkworth|505500|Warkworth|1707|1323|3030|.56336633663|.43663366336
Waimauku|505601|Waimauku|483|231|714|.67647058823|.32352941176
Huapai|505602|Huapai|699|456|1155|.60519480519|.39480519480
Riverhead Urban|505603|Riverhead Urban|558|315|873|.63917525773|.36082474226
Kumeu East|505604|Kumeu East|570|483|1053|.54131054131|.45868945868
Kumeu West|505605|Kumeu West|726|594|1320|.55000000000|.45000000000
Waipareira West|505700|Waipareira West|387|333|720|.53750000000|.46250000000
Waiwera|505803|Waiwera|78|153|231|.33766233766|.66233766233
Hatfields Beach|505804|Hatfields Beach|579|417|996|.58132530120|.41867469879
Orewa|505805|Orewa|4281|2934|7215|.59334719334|.40665280665
Silverdale Central|505806|Silverdale Central|888|405|1293|.68677494199|.31322505800
Red Beach West|505807|Red Beach West|1182|897|2079|.56854256854|.43145743145
Red Beach East|505808|Red Beach East|1815|1230|3045|.59605911330|.40394088669
Manly|505902|Manly|3015|2073|5088|.59257075471|.40742924528
Army Bay|505904|Army Bay|1716|1227|2943|.58307849133|.41692150866
Vipond|505906|Vipond|1305|795|2100|.62142857142|.37857142857
Stanmore Bay West|505907|Stanmore Bay West|1050|849|1899|.55292259083|.44707740916
Stanmore Bay East|505908|Stanmore Bay East|1038|906|1944|.53395061728|.46604938271
Wade Heads|505909|Wade Heads|1392|990|2382|.58438287153|.41561712846
Gulf Harbour|505910|Gulf Harbour|1047|903|1950|.53692307692|.46307692307
Gulf Harbour Marina|505911|Gulf Harbour Marina|21|9|30|.70000000000|.30000000000
Weiti River|506001|Weiti River|150|186|336|.44642857142|.55357142857
Stillwater|506002|Stillwater|438|240|678|.64601769911|.35398230088
Silverdale South|506003|Silverdale South|477|363|840|.56785714285|.43214285714
Silverdale North|506201|Silverdale North|273|321|594|.45959595959|.54040404040
Orewa West|506202|Orewa West|30|39|69|.43478260869|.56521739130
Dairy Flat-Redvale|506300|Dairy Flat-Redvale|1140|909|2049|.55636896046|.44363103953
Paremoremo West|506400|Paremoremo West|363|231|594|.61111111111|.38888888888
Tauhoa-Puhoi|506613|Tauhoa-Puhoi|2124|1263|3387|.62710363153|.37289636846
Tahekeroa|506614|Tahekeroa|1656|1098|2754|.60130718954|.39869281045
Matheson Bay|506616|Matheson Bay|57|42|99|.57575757575|.42424242424
Kawau|506620|Kawau|42|24|66|.63636363636|.36363636363
Snells Beach|506631|Snells Beach|1704|1083|2787|.61141011840|.38858988159
Algies Bay|506633|Algies Bay|327|246|573|.57068062827|.42931937172
Mahurangi|506634|Mahurangi|189|99|288|.65625000000|.34375000000
South Head|506642|South Head|642|423|1065|.60281690140|.39718309859
Parakai Rural|506644|Parakai Rural|237|186|423|.56028368794|.43971631205
Parakai Urban|506645|Parakai Urban|348|381|729|.47736625514|.52263374485
Kaukapakapa Rural|506646|Kaukapakapa Rural|1119|630|1749|.63979416809|.36020583190
Kaukapakapa|506647|Kaukapakapa|198|120|318|.62264150943|.37735849056
Helensville South|506648|Helensville South|309|126|435|.71034482758|.28965517241
Rewiti|506652|Rewiti|834|603|1437|.58037578288|.41962421711
Riverhead|506653|Riverhead|1467|885|2352|.62372448979|.37627551020
Muriwai Beach|506654|Muriwai Beach|489|309|798|.61278195488|.38721804511
Muriwai Valley|506655|Muriwai Valley|285|240|525|.54285714285|.45714285714
Waitakere West|506656|Waitakere West|279|150|429|.65034965034|.34965034965
Point Wells|506657|Point Wells|219|93|312|.70192307692|.29807692307
Omaha|506658|Omaha|321|147|468|.68589743589|.31410256410
Matakana|506659|Matakana|126|84|210|.60000000000|.40000000000
Cape Rodney|506660|Cape Rodney|1194|870|2064|.57848837209|.42151162790
Cape Rodney South|506661|Cape Rodney South|1380|810|2190|.63013698630|.36986301369
Helensville|506800|Helensville|1089|807|1896|.57436708860|.42563291139
Awaruku|506901|Awaruku|1578|1227|2805|.56256684491|.43743315508
Glamorgan|506902|Glamorgan|1422|1050|2472|.57524271844|.42475728155
Torbay|506903|Torbay|2259|1602|3861|.58508158508|.41491841491
Waiake|507000|Waiake|1929|1401|3330|.57927927927|.42072072072
Browns Bay|507101|Browns Bay|1713|1626|3339|.51302785265|.48697214734
Oaktree|507102|Oaktree|1851|1629|3480|.53189655172|.46810344827
Rothesay Bay|507200|Rothesay Bay|2307|1887|4194|.55007153075|.44992846924
Murrays Bay|507300|Murrays Bay|2109|1593|3702|.56969205834|.43030794165
Mairangi Bay|507400|Mairangi Bay|2388|1737|4125|.57890909090|.42109090909
Campbells Bay|507500|Campbells Bay|1125|750|1875|.60000000000|.40000000000
Castor Bay|507710|Castor Bay|1458|951|2409|.60523038605|.39476961394
Crown Hill|507720|Crown Hill|1470|1233|2703|.54384017758|.45615982241
Lake Pupuke|507800|Lake Pupuke|2304|1998|4302|.53556485355|.46443514644
Westlake|507900|Westlake|1827|2445|4272|.42766853932|.57233146067
Takapuna Central|508010|Takapuna Central|1290|1416|2706|.47671840354|.52328159645
Hauraki|508020|Hauraki|2439|2223|4662|.52316602316|.47683397683
Seacliffe|508110|Seacliffe|1272|1368|2640|.48181818181|.51818181818
Bayswater|508120|Bayswater|924|945|1869|.49438202247|.50561797752
Kaipatiki|508210|Kaipatiki|1593|1851|3444|.46254355400|.53745644599
Windy Ridge|508220|Windy Ridge|1275|1407|2682|.47539149888|.52460850111
Glenfield Central|508310|Glenfield Central|1533|2175|3708|.41343042071|.58656957928
Glenfield North|508320|Glenfield North|1347|1890|3237|.41612604263|.58387395736
Glendhu|508411|Glendhu|1941|2121|4062|.47784342688|.52215657311
Witheford|508412|Witheford|1116|1251|2367|.47148288973|.52851711026
Target Road|508420|Target Road|2028|3036|5064|.40047393364|.59952606635
Forrest Hill|508510|Forrest Hill|2109|2388|4497|.46897931954|.53102068045
Sunnynook|508520|Sunnynook|2304|2781|5085|.45309734513|.54690265486
Monarch Park|508610|Monarch Park|2100|1704|3804|.55205047318|.44794952681
Sunnybrae|508620|Sunnybrae|1092|1428|2520|.43333333333|.56666666666
Albany|508701|Albany|858|1533|2391|.35884567126|.64115432873
Fairview|508703|Fairview|1188|1104|2292|.51832460732|.48167539267
Northcross|508704|Northcross|1386|2052|3438|.40314136125|.59685863874
Unsworth Heights|508803|Unsworth Heights|1902|2238|4140|.45942028985|.54057971014
Pinehill|508804|Pinehill|1290|1731|3021|.42701092353|.57298907646
Windsor Park|508805|Windsor Park|786|786|1572|.50000000000|.50000000000
North Harbour West|508806|North Harbour West|1725|2148|3873|.44539116963|.55460883036
North Harbour East|508807|North Harbour East|1467|1551|3018|.48608349900|.51391650099
Long Bay|508900|Long Bay|393|312|705|.55744680851|.44255319148
Paremoremo East|509000|Paremoremo East|810|1200|2010|.40298507462|.59701492537
Greenhithe|509100|Greenhithe|3612|2514|6126|.58961802154|.41038197845
Narrow Neck|509300|Narrow Neck|1542|1305|2847|.54162276080|.45837723919
Mt Victoria|509400|Mt Victoria|2364|1707|4071|.58069270449|.41930729550
Stanley Bay|509500|Stanley Bay|897|771|1668|.53776978417|.46223021582
Ocean View|509701|Ocean View|1503|2034|3537|.42493638676|.57506361323
Tuff Crater|509702|Tuff Crater|1179|2286|3465|.34025974025|.65974025974
Northcote South|509800|Northcote South|1722|1650|3372|.51067615658|.48932384341
Beachhaven North|510010|Beachhaven North|1863|2040|3903|.47732513451|.52267486548
Beachhaven South|510020|Beachhaven South|1845|1638|3483|.52971576227|.47028423772
Birkdale North|510210|Birkdale North|996|1203|2199|.45293315143|.54706684856
Birkdale South|510220|Birkdale South|1449|1617|3066|.47260273972|.52739726027
Kauri Park|510401|Kauri Park|1551|1518|3069|.50537634408|.49462365591
Chelsea|510402|Chelsea|1734|1344|3078|.56335282651|.43664717348
Birkenhead East|510500|Birkenhead East|1734|1578|3312|.52355072463|.47644927536
Henderson North|510700|Henderson North|1950|2595|4545|.42904290429|.57095709570
Henderson South|510800|Henderson South|1188|2199|3387|.35075287865|.64924712134
Tangutu|511001|Tangutu|1041|1215|2256|.46143617021|.53856382978
Woodglen|511002|Woodglen|1461|1758|3219|.45386766076|.54613233923
Glen Eden East|511100|Glen Eden East|2061|2949|5010|.41137724550|.58862275449
New Lynn North|511301|New Lynn North|669|1227|1896|.35284810126|.64715189873
New Lynn South|511302|New Lynn South|819|1212|2031|.40324963072|.59675036927
Lynnmall|511303|Lynnmall|480|1251|1731|.27729636048|.72270363951
Fruitvale|511401|Fruitvale|1299|1947|3246|.40018484288|.59981515711
Rewarewa|511402|Rewarewa|1437|1824|3261|.44066237350|.55933762649
Glendene North|511601|Glendene North|1386|1878|3264|.42463235294|.57536764705
Glendene South|511602|Glendene South|813|1101|1914|.42476489028|.57523510971
Kelston Central|511700|Kelston Central|1089|1995|3084|.35311284046|.64688715953
Sunnyvale|511800|Sunnyvale|1335|1596|2931|.45547594677|.54452405322
Kaurilands|511901|Kaurilands|1377|945|2322|.59302325581|.40697674418
Crum Park|511902|Crum Park|1734|1161|2895|.59896373056|.40103626943
Titirangi South|512000|Titirangi South|1827|840|2667|.68503937007|.31496062992
Green Bay|512100|Green Bay|2010|1308|3318|.60578661844|.39421338155
Matipo|512201|Matipo|1086|1044|2130|.50985915492|.49014084507
Durham Green|512202|Durham Green|1575|1722|3297|.47770700636|.52229299363
Te Atatu Central|512300|Te Atatu Central|1761|1884|3645|.48312757201|.51687242798
Edmonton|512401|Edmonton|1086|1500|2586|.41995359628|.58004640371
Wakeling|512402|Wakeling|1380|1554|2934|.47034764826|.52965235173
Mcleod|512500|Mcleod|1869|2775|4644|.40245478036|.59754521963
Konini|512600|Konini|1614|960|2574|.62703962703|.37296037296
Waima|512700|Waima|1227|543|1770|.69322033898|.30677966101
Laingholm|512801|Laingholm|1191|567|1758|.67747440273|.32252559726
Armour Bay|512802|Armour Bay|225|129|354|.63559322033|.36440677966
Otimai|512902|Otimai|1434|771|2205|.65034013605|.34965986394
Parrs Park West|512903|Parrs Park West|441|963|1404|.31410256410|.68589743589
Parrs Park|512904|Parrs Park|258|642|900|.28666666666|.71333333333
Oratia West|512905|Oratia West|81|84|165|.49090909090|.50909090909
Oratia|512906|Oratia|1056|1272|2328|.45360824742|.54639175257
Henderson West|513011|Henderson West|891|795|1686|.52846975088|.47153024911
Palm Heights|513012|Palm Heights|861|915|1776|.48479729729|.51520270270
McLaren Park|513013|McLaren Park|729|1293|2022|.36053412462|.63946587537
Opanuku|513020|Opanuku|996|657|1653|.60254083484|.39745916515
Swanson|513101|Swanson|423|441|864|.48958333333|.51041666666
Swanson South|513102|Swanson South|537|336|873|.61512027491|.38487972508
Urlich|513211|Urlich|600|951|1551|.38684719535|.61315280464
Starling Park|513212|Starling Park|696|1104|1800|.38666666666|.61333333333
Ranui Domain|513213|Ranui Domain|630|1380|2010|.31343283582|.68656716417
Ranui South|513214|Ranui South|885|1176|2061|.42940320232|.57059679767
Sturges North|513220|Sturges North|2685|2457|5142|.52217036172|.47782963827
Kingdale|513301|Kingdale|840|1830|2670|.31460674157|.68539325842
Fairdene|513302|Fairdene|1215|2181|3396|.35777385159|.64222614840
Whenuapai West|513410|Whenuapai West|429|1173|1602|.26779026217|.73220973782
Herald|513420|Herald|777|537|1314|.59132420091|.40867579908
Hobsonville East|513431|Hobsonville East|234|555|789|.29657794676|.70342205323
Hobsonville South|513432|Hobsonville South|1110|654|1764|.62925170068|.37074829931
Westgate|513511|Westgate|450|582|1032|.43604651162|.56395348837
Royal Road West|513512|Royal Road West|831|1158|1989|.41779788838|.58220211161
West Harbour|513521|West Harbour|1371|1983|3354|.40876565295|.59123434704
Lucken Point|513522|Lucken Point|2391|1731|4122|.58005822416|.41994177583
Royal Heights|513530|Royal Heights|1956|2502|4458|.43876177658|.56123822341
Massey West|513610|Massey West|123|147|270|.45555555555|.54444444444
Birdwood West|513621|Birdwood West|216|174|390|.55384615384|.44615384615
Birdwood East|513622|Birdwood East|471|549|1020|.46176470588|.53823529411
Waimumu North|513631|Waimumu North|1431|2469|3900|.36692307692|.63307692307
Waimumu South|513632|Waimumu South|1185|1578|2763|.42888165038|.57111834961
Taupaki|513701|Taupaki|351|294|645|.54418604651|.45581395348
Waitakere|513702|Waitakere|903|513|1416|.63771186440|.36228813559
Karekare|513800|Karekare|1119|732|1851|.60453808752|.39546191247
Freemans Bay|514000|Freemans Bay|1167|1983|3150|.37047619047|.62952380952
Auckland Harbourside|514101|Auckland Harbourside|645|3240|3885|.16602316602|.83397683397
Auckland Central West|514102|Auckland Central West|1206|8919|10125|.11911111111|.88088888888
Auckland Central East|514103|Auckland Central East|999|7845|8844|.11295793758|.88704206241
Newton|514200|Newton|216|1218|1434|.15062761506|.84937238493
Grafton West|514301|Grafton West|348|2778|3126|.11132437619|.88867562380
Grafton East|514302|Grafton East|99|840|939|.10543130990|.89456869009
Roberton|514401|Roberton|1386|2637|4023|.34451901565|.65548098434
Glenavon|514402|Glenavon|1404|3246|4650|.30193548387|.69806451612
New Windsor|514500|New Windsor|1983|2943|4926|.40255785627|.59744214372
Avondale South|514600|Avondale South|1860|2331|4191|.44380816034|.55619183965
Blockhouse Bay|514700|Blockhouse Bay|2457|2439|4896|.50183823529|.49816176470
Rosebank|514801|Rosebank|1140|2160|3300|.34545454545|.65454545454
Avondale West|514802|Avondale West|1110|2499|3609|.30756442227|.69243557772
Waterview|514900|Waterview|780|1782|2562|.30444964871|.69555035128
Point Chevalier West|515001|Point Chevalier West|1356|1443|2799|.48445873526|.51554126473
Point Chevalier East|515002|Point Chevalier East|1737|1590|3327|.52209197475|.47790802524
Point Chevalier South|515003|Point Chevalier South|396|843|1239|.31961259079|.68038740920
Westmere|515100|Westmere|2010|1719|3729|.53901850362|.46098149637
Herne Bay|515201|Herne Bay|1122|1038|2160|.51944444444|.48055555555
St Marys|515202|St Marys|930|1584|2514|.36992840095|.63007159904
Ponsonby West|515301|Ponsonby West|855|996|1851|.46191247974|.53808752025
Ponsonby East|515302|Ponsonby East|1047|1629|2676|.39125560538|.60874439461
Grey Lynn West|515410|Grey Lynn West|1038|1635|2673|.38832772166|.61167227833
Grey Lynn East|515420|Grey Lynn East|945|1692|2637|.35836177474|.64163822525
Surrey Crescent|515431|Surrey Crescent|732|1377|2109|.34708392603|.65291607396
St Lukes North|515432|St Lukes North|243|405|648|.37500000000|.62500000000
Arch Hill|515500|Arch Hill|378|963|1341|.28187919463|.71812080536
Eden Terrace|515600|Eden Terrace|423|1770|2193|.19288645690|.80711354309
Epsom North|515700|Epsom North|1074|1764|2838|.37843551797|.62156448202
Epsom Central|515801|Epsom Central|1116|1758|2874|.38830897703|.61169102296
Epsom South|515802|Epsom South|1332|1452|2784|.47844827586|.52155172413
Parnell East|515901|Parnell East|912|969|1881|.48484848484|.51515151515
Parnell West|515902|Parnell West|1461|2520|3981|.36699321778|.63300678221
Mt Hobson|516001|Mt Hobson|372|717|1089|.34159779614|.65840220385
Remuera South|516002|Remuera South|1350|1671|3021|.44687189672|.55312810327
Abbotts Park|516003|Abbotts Park|1569|1764|3333|.47074707470|.52925292529
Remuera West|516101|Remuera West|1440|1305|2745|.52459016393|.47540983606
Waitaramoa|516102|Waitaramoa|1743|1290|3033|.57467853610|.42532146389
Orakei South|516201|Orakei South|1530|1107|2637|.58020477815|.41979522184
Waiata|516202|Waiata|1917|1374|3291|.58249772105|.41750227894
Meadowbank North|516301|Meadowbank North|2586|2340|4926|.52496954933|.47503045066
Meadowbank South|516302|Meadowbank South|2160|1869|4029|.53611317944|.46388682055
Orakei North|516400|Orakei North|1899|2292|4191|.45311381531|.54688618468
Mission Bay|516500|Mission Bay|2208|2139|4347|.50793650793|.49206349206
Kohimarama West|516601|Kohimarama West|1578|1089|2667|.59167604049|.40832395950
Kohimarama East|516602|Kohimarama East|1794|1095|2889|.62097611630|.37902388369
St Heliers|516700|St Heliers|2430|1485|3915|.62068965517|.37931034482
Glendowie|516800|Glendowie|2016|960|2976|.67741935483|.32258064516
Glen Innes North|516900|Glen Innes North|2547|2112|4659|.54668383773|.45331616226
Glen Innes West|517001|Glen Innes West|744|2130|2874|.25887265135|.74112734864
Glen Innes East|517002|Glen Innes East|438|1275|1713|.25569176882|.74430823117
Point England|517100|Point England|396|2295|2691|.14715719063|.85284280936
St Johns|517201|St Johns|606|1386|1992|.30421686746|.69578313253
Stonefields|517202|Stonefields|1068|639|1707|.62565905096|.37434094903
Newmarket|517400|Newmarket|561|1896|2457|.22832722832|.77167277167
Kingsland|517500|Kingsland|1119|2727|3846|.29095163806|.70904836193
St Lukes|517600|St Lukes|1062|2670|3732|.28456591639|.71543408360
Sandringham North|517701|Sandringham North|876|1512|2388|.36683417085|.63316582914
Sandringham West|517702|Sandringham West|1275|2454|3729|.34191472244|.65808527755
Sandringham East|517703|Sandringham East|879|1578|2457|.35775335775|.64224664224
Mt Albert Central|517800|Mt Albert Central|1851|2496|4347|.42581090407|.57418909592
Springleigh|517901|Springleigh|762|1401|2163|.35228848821|.64771151178
Owairaka West|517902|Owairaka West|489|1410|1899|.25750394944|.74249605055
Owairaka East|517903|Owairaka East|1275|2052|3327|.38322813345|.61677186654
Mt Eden North|518101|Mt Eden North|609|2088|2697|.22580645161|.77419354838
Sherbourne|518102|Sherbourne|726|1521|2247|.32309746328|.67690253671
Balmoral|518201|Balmoral|1764|2301|4065|.43394833948|.56605166051
Mt Eden East|518202|Mt Eden East|906|1146|2052|.44152046783|.55847953216
Maungawhau|518301|Maungawhau|1308|1632|2940|.44489795918|.55510204081
Mt Eden South|518302|Mt Eden South|1656|2073|3729|.44408688656|.55591311343
Three Kings|518500|Three Kings|1308|2877|4185|.31254480286|.68745519713
Royal Oak|518600|Royal Oak|2040|2403|4443|.45914922349|.54085077650
Hillsborough West|518701|Hillsborough West|2151|3624|5775|.37246753246|.62753246753
Hillsborough East|518702|Hillsborough East|1629|1791|3420|.47631578947|.52368421052
Walmsley|518801|Walmsley|438|2196|2634|.16628701594|.83371298405
Wesley|518802|Wesley|453|1656|2109|.21479374110|.78520625889
Akarana|518803|Akarana|906|3258|4164|.21757925072|.78242074927
Lynfield North|518901|Lynfield North|1866|2592|4458|.41857335127|.58142664872
Lynfield South|518902|Lynfield South|1605|1755|3360|.47767857142|.52232142857
Waikowhai West|519001|Waikowhai West|1467|1470|2937|.49948927477|.50051072522
Waikowhai East|519002|Waikowhai East|1092|2256|3348|.32616487455|.67383512544
Mt St John|519200|Mt St John|1263|2412|3675|.34367346938|.65632653061
One Tree Hill Central|519300|One Tree Hill Central|933|1194|2127|.43864598025|.56135401974
One Tree Hill East|519400|One Tree Hill East|1977|2397|4374|.45198902606|.54801097393
Penrose|519500|Penrose|141|372|513|.27485380116|.72514619883
Onehunga North West|519710|Onehunga North West|1047|1890|2937|.35648621041|.64351378958
Onehunga North East|519720|Onehunga North East|1350|1488|2838|.47568710359|.52431289640
Onehunga South West|519810|Onehunga South West|1410|1593|3003|.46953046953|.53046953046
Onehunga South East|519820|Onehunga South East|828|1923|2751|.30098146128|.69901853871
Oranga|519900|Oranga|849|1986|2835|.29947089947|.70052910052
Te Papapa|520000|Te Papapa|924|1515|2439|.37884378843|.62115621156
Ellerslie North|520201|Ellerslie North|2271|2832|5103|.44503233392|.55496766607
Ellerslie South|520202|Ellerslie South|597|1050|1647|.36247723132|.63752276867
Mt Wellington Domain|520301|Mt Wellington Domain|366|855|1221|.29975429975|.70024570024
Mt Wellington West|520302|Mt Wellington West|984|1449|2433|.40443896424|.59556103575
Mt Wellington North|520303|Mt Wellington North|525|1842|2367|.22179974651|.77820025348
Ferndale|520401|Ferndale|1113|2361|3474|.32037996545|.67962003454
Hamlin|520402|Hamlin|1254|2559|3813|.32887490165|.67112509834
Mt Wellington South|520500|Mt Wellington South|1083|2817|3900|.27769230769|.72230769230
Tamaki|520601|Tamaki|606|2286|2892|.20954356846|.79045643153
Panmure Basin|520602|Panmure Basin|906|1326|2232|.40591397849|.59408602150
Waiheke Island|520801|Waiheke Island|3540|2793|6333|.55897678825|.44102321174
Bays-Waiheke Island|520803|Bays-Waiheke Island|9|0|9|1.00000000000|.00000000000
Tidal-Waiheke Island|520804|Tidal-Waiheke Island|0|0|0|.00000000000|.00000000000
Islands-Motutapu Rangitoto Rakino|520900|Islands-Motutapu Rangitoto Rakino|15|30|45|.33333333333|.66666666666
Great Barrier Island|521000|Great Barrier Island|405|252|657|.61643835616|.38356164383
Paerata-Cape Hill|521111|Paerata-Cape Hill|420|348|768|.54687500000|.45312500000
Eden Road-Hill Top|521112|Eden Road-Hill Top|186|225|411|.45255474452|.54744525547
Redoubt|521114|Redoubt|87|63|150|.58000000000|.42000000000
Opuawhanga|521115|Opuawhanga|81|87|168|.48214285714|.51785714285
Buckland|521116|Buckland|231|144|375|.61600000000|.38400000000
Buckland South|521117|Buckland South|366|255|621|.58937198067|.41062801932
Patumahoe|521121|Patumahoe|1119|687|1806|.61960132890|.38039867109
Kingseat|521122|Kingseat|2703|1968|4671|.57867694283|.42132305716
Pokeno|521131|Pokeno|741|564|1305|.56781609195|.43218390804
Hunua|521132|Hunua|2067|1122|3189|.64816556914|.35183443085
Paparata|521134|Paparata|102|75|177|.57627118644|.42372881355
Mangatawhiri|521135|Mangatawhiri|615|486|1101|.55858310626|.44141689373
Kaiaua|521136|Kaiaua|387|222|609|.63546798029|.36453201970
Awhitu|521151|Awhitu|1257|666|1923|.65366614664|.34633385335
Glenbrook|521152|Glenbrook|957|657|1614|.59293680297|.40706319702
Otaua|521153|Otaua|1026|636|1662|.61732851985|.38267148014
Bombay|521160|Bombay|354|264|618|.57281553398|.42718446601
Hingaia|521201|Hingaia|846|426|1272|.66509433962|.33490566037
Whangapouri Creek|521202|Whangapouri Creek|261|165|426|.61267605633|.38732394366
Bremner|521203|Bremner|165|138|303|.54455445544|.45544554455
Drury|521301|Drury|1536|1086|2622|.58581235697|.41418764302
Runciman|521302|Runciman|225|171|396|.56818181818|.43181818181
Mellons Bay|521501|Mellons Bay|1530|1062|2592|.59027777777|.40972222222
Cockle Bay|521502|Cockle Bay|2289|1419|3708|.61731391585|.38268608414
Howick West|521601|Howick West|1062|975|2037|.52135493372|.47864506627
Howick Central|521602|Howick Central|2442|2436|4878|.50061500615|.49938499384
Otahuhu North|521801|Otahuhu North|384|1620|2004|.19161676646|.80838323353
Fairburn|521802|Fairburn|522|1980|2502|.20863309352|.79136690647
Otahuhu East|521803|Otahuhu East|363|1041|1404|.25854700854|.74145299145
Otahuhu West|521901|Otahuhu West|546|2826|3372|.16192170818|.83807829181
Middlemore|521902|Middlemore|12|63|75|.16000000000|.84000000000
Papatoetoe West|522100|Papatoetoe West|1218|2880|4098|.29721815519|.70278184480
Papatoetoe North|522201|Papatoetoe North|1413|2757|4170|.33884892086|.66115107913
Papatoetoe Central|522202|Papatoetoe Central|1272|2388|3660|.34754098360|.65245901639
Dingwall|522301|Dingwall|1026|1743|2769|.37053087757|.62946912242
Papatoetoe East|522302|Papatoetoe East|1227|2751|3978|.30844645550|.69155354449
Puhinui North|522400|Puhinui North|1182|2091|3273|.36113657195|.63886342804
Bucklands and Eastern Beaches|522601|Bucklands and Eastern Beaches|2271|1866|4137|.54894851341|.45105148658
Bleakhouse|522603|Bleakhouse|873|609|1482|.58906882591|.41093117408
Bucklands Beach South|522604|Bucklands Beach South|1062|1026|2088|.50862068965|.49137931034
Half Moon Bay Marina|522605|Half Moon Bay Marina|0|0|0|.00000000000|.00000000000
Pigeon Mountain North|522711|Pigeon Mountain North|1002|1479|2481|.40386940749|.59613059250
Murvale|522712|Murvale|1380|1704|3084|.44747081712|.55252918287
Pigeon Mountain South|522721|Pigeon Mountain South|573|540|1113|.51482479784|.48517520215
Highland Park|522722|Highland Park|1614|1794|3408|.47359154929|.52640845070
Elsmore Park|522723|Elsmore Park|900|1197|2097|.42918454935|.57081545064
Half Moon Bay|522730|Half Moon Bay|1611|1308|2919|.55190133607|.44809866392
Pakuranga North|522810|Pakuranga North|1872|1551|3423|.54688869412|.45311130587
Sunnyhills|522820|Sunnyhills|1422|1233|2655|.53559322033|.46440677966
Pakuranga Central|522910|Pakuranga Central|1122|1614|2736|.41008771929|.58991228070
Edgewater|522920|Edgewater|1209|2067|3276|.36904761904|.63095238095
Pakuranga East|523000|Pakuranga East|1677|2226|3903|.42966948501|.57033051498
Howick South|523101|Howick South|2103|1776|3879|.54215003866|.45784996133
Meadowland|523102|Meadowland|1908|1596|3504|.54452054794|.45547945205
Golfland|523105|Golfland|1125|816|1941|.57959814528|.42040185471
Millhouse|523106|Millhouse|2163|1827|3990|.54210526315|.45789473684
Burswood|523107|Burswood|597|747|1344|.44419642857|.55580357142
Dannemora|523109|Dannemora|1413|1614|3027|.46679881070|.53320118929
Kilkenny|523110|Kilkenny|1179|921|2100|.56142857142|.43857142857
Highbrook|523112|Highbrook|9|21|30|.30000000000|.70000000000
Greenmount|523113|Greenmount|1497|2127|3624|.41307947019|.58692052980
Point View|523114|Point View|2136|1896|4032|.52976190476|.47023809523
Baverstock Oaks|523115|Baverstock Oaks|2235|2769|5004|.44664268585|.55335731414
Mission Heights|523116|Mission Heights|924|900|1824|.50657894736|.49342105263
Shelly Park|523201|Shelly Park|1041|621|1662|.62635379061|.37364620938
Turanga|523202|Turanga|903|738|1641|.55027422303|.44972577696
Beachlands-Maraetai|523300|Beachlands-Maraetai|3144|1728|4872|.64532019704|.35467980295
Otara West|523402|Otara West|252|1596|1848|.13636363636|.86363636363
Wymondley|523403|Wymondley|75|630|705|.10638297872|.89361702127
Grange|523404|Grange|183|318|501|.36526946107|.63473053892
Otara North|523501|Otara North|168|888|1056|.15909090909|.84090909090
Otara East|523502|Otara East|450|2226|2676|.16816143497|.83183856502
Otara South|523601|Otara South|324|1749|2073|.15629522431|.84370477568
Ferguson|523602|Ferguson|336|2022|2358|.14249363867|.85750636132
Rongomai|523711|Rongomai|465|2268|2733|.17014270032|.82985729967
Donegal Park|523712|Donegal Park|1593|3267|4860|.32777777777|.67222222222
Ormiston|523713|Ormiston|1674|1938|3612|.46345514950|.53654485049
Clover Park|523721|Clover Park|660|1872|2532|.26066350710|.73933649289
Redoubt North|523722|Redoubt North|1200|2100|3300|.36363636363|.63636363636
Ardmore|523813|Ardmore|546|480|1026|.53216374269|.46783625730
Totara Heights|523814|Totara Heights|2430|2073|4503|.53964023984|.46035976015
Randwick Park|523816|Randwick Park|771|1455|2226|.34636118598|.65363881401
Hyperion|523817|Hyperion|306|984|1290|.23720930232|.76279069767
Redoubt East|523818|Redoubt East|363|276|639|.56807511737|.43192488262
Mill Road|523819|Mill Road|390|270|660|.59090909090|.40909090909
Redoubt South|523820|Redoubt South|2238|2352|4590|.48758169934|.51241830065
Takanini North|523911|Takanini North|624|1737|2361|.26429479034|.73570520965
Takanini South|523912|Takanini South|1194|2076|3270|.36513761467|.63486238532
Takanini West|523920|Takanini West|1806|1674|3480|.51896551724|.48103448275
Ambury|524001|Ambury|1329|1143|2472|.53762135922|.46237864077
Mangere Bridge|524002|Mangere Bridge|1704|2502|4206|.40513552068|.59486447931
Mangere Central|524111|Mangere Central|390|1431|1821|.21416803953|.78583196046
Mascot|524112|Mascot|531|1869|2400|.22125000000|.77875000000
Arahanga|524121|Arahanga|201|1023|1224|.16421568627|.83578431372
Viscount|524122|Viscount|411|2085|2496|.16466346153|.83533653846
Mangere South|524200|Mangere South|1236|3378|4614|.26788036410|.73211963589
Mangere East|524301|Mangere East|1053|2823|3876|.27167182662|.72832817337
Aorere|524302|Aorere|915|2568|3483|.26270456503|.73729543496
Kohuora|524303|Kohuora|1224|2796|4020|.30447761194|.69552238805
Mangere Station|524402|Mangere Station|0|96|96|.00000000000|1.00000000000
Favona West|524403|Favona West|264|1419|1683|.15686274509|.84313725490
Favona North|524404|Favona North|414|1293|1707|.24253075571|.75746924428
Favona South|524405|Favona South|507|1644|2151|.23570432357|.76429567642
Harania North|524510|Harania North|378|1860|2238|.16890080428|.83109919571
Harania West|524520|Harania West|654|2547|3201|.20431115276|.79568884723
Harania East|524530|Harania East|615|2541|3156|.19486692015|.80513307984
Wiri|524602|Wiri|351|2121|2472|.14199029126|.85800970873
Puhinui South|524603|Puhinui South|522|1503|2025|.25777777777|.74222222222
Manukau Central|524604|Manukau Central|75|453|528|.14204545454|.85795454545
Burbank|524711|Burbank|420|1551|1971|.21308980213|.78691019786
Homai West|524712|Homai West|333|996|1329|.25056433408|.74943566591
Rowandale|524713|Rowandale|381|1497|1878|.20287539936|.79712460063
Homai East|524720|Homai East|1125|2916|4041|.27839643652|.72160356347
Weymouth West|524811|Weymouth West|951|1812|2763|.34419109663|.65580890336
Weymouth East|524812|Weymouth East|1068|2283|3351|.31871083258|.68128916741
Clendon North|524821|Clendon North|351|1386|1737|.20207253886|.79792746113
Clendon South|524822|Clendon South|600|2268|2868|.20920502092|.79079497907
Hillpark|524901|Hillpark|1890|2001|3891|.48573631457|.51426368542
Manurewa East|524902|Manurewa East|480|1188|1668|.28776978417|.71223021582
Manurewa Central|525001|Manurewa Central|897|2349|3246|.27634011090|.72365988909
Beaumont|525002|Beaumont|414|1248|1662|.24909747292|.75090252707
Leabank|525101|Leabank|1068|2448|3516|.30375426621|.69624573378
Wattle Farm|525102|Wattle Farm|3015|2355|5370|.56145251396|.43854748603
Clevedon|525201|Clevedon|1053|831|1884|.55891719745|.44108280254
Kawakawa-Orere|525202|Kawakawa-Orere|495|312|807|.61338289962|.38661710037
Papakura Central|525410|Papakura Central|531|1056|1587|.33459357277|.66540642722
Papakura North|525420|Papakura North|732|1206|1938|.37770897832|.62229102167
Papakura South|525510|Papakura South|252|711|963|.26168224299|.73831775700
Opaheke|525520|Opaheke|1083|840|1923|.56318252730|.43681747269
Rosehill|525530|Rosehill|888|1350|2238|.39678284182|.60321715817
Pahurehure|525540|Pahurehure|1380|1020|2400|.57500000000|.42500000000
Papakura East|525610|Papakura East|1077|2727|3804|.28312302839|.71687697160
Massey Park|525620|Massey Park|504|804|1308|.38532110091|.61467889908
Papakura North East|525630|Papakura North East|1200|1743|2943|.40774719673|.59225280326
Red Hill|525700|Red Hill|747|918|1665|.44864864864|.55135135135
Pukekohe North|525910|Pukekohe North|2709|3255|5964|.45422535211|.54577464788
Pukekohe West|525921|Pukekohe West|2868|2421|5289|.54225751559|.45774248440
Bledisloe Park|525922|Bledisloe Park|1185|1020|2205|.53741496598|.46258503401
Waiuku West|526103|Waiuku West|1293|1050|2343|.55185659411|.44814340588
Waiuku East|526104|Waiuku East|1371|1128|2499|.54861944777|.45138055222
South Waiuku|526105|South Waiuku|765|372|1137|.67282321899|.32717678100
Pukeoware|526106|Pukeoware|114|63|177|.64406779661|.35593220338
Tuakau|526200|Tuakau|1368|1443|2811|.48665955176|.51334044823
Rotowaro|526400|Rotowaro|0|0|0|.00000000000|.00000000000
Raglan|526500|Raglan|972|1017|1989|.48868778280|.51131221719
Waikato Western Hills|526601|Waikato Western Hills|1791|1041|2832|.63241525423|.36758474576
Te Uku|526602|Te Uku|786|555|1341|.58612975391|.41387024608
Te Pahu|526603|Te Pahu|600|336|936|.64102564102|.35897435897
Onewhero|526701|Onewhero|1617|1137|2754|.58714596949|.41285403050
Te Akau|526702|Te Akau|351|309|660|.53181818181|.46818181818
Te Kauwhata|526900|Te Kauwhata|579|534|1113|.52021563342|.47978436657
Matangi|527004|Matangi|1032|621|1653|.62431941923|.37568058076
Sylvester|527005|Sylvester|918|525|1443|.63617463617|.36382536382
Flagstaff|527006|Flagstaff|2013|1026|3039|.66238894373|.33761105626
Horsham Downs|527007|Horsham Downs|1941|1443|3384|.57358156028|.42641843971
Rototuna|527008|Rototuna|1569|936|2505|.62634730538|.37365269461
Huntington|527009|Huntington|3342|2511|5853|.57098923628|.42901076371
Whitikahu|527111|Whitikahu|651|783|1434|.45397489539|.54602510460
Taupiri Community|527112|Taupiri Community|177|129|306|.57843137254|.42156862745
Gordonton|527122|Gordonton|363|420|783|.46360153256|.53639846743
Kainui|527123|Kainui|1086|915|2001|.54272863568|.45727136431
Newstead|527124|Newstead|72|102|174|.41379310344|.58620689655
Eureka|527125|Eureka|867|702|1569|.55258126195|.44741873804
Tamahere-Tauwhare|527131|Tamahere-Tauwhare|2619|1554|4173|.62760603882|.37239396117
Hautapu|527133|Hautapu|687|708|1395|.49247311827|.50752688172
Swayne|527134|Swayne|657|360|1017|.64601769911|.35398230088
Waerenga|527210|Waerenga|678|1320|1998|.33933933933|.66066066066
Maramarua|527221|Maramarua|378|342|720|.52500000000|.47500000000
Meremere|527222|Meremere|60|228|288|.20833333333|.79166666666
Huntly West|527401|Huntly West|537|1194|1731|.31022530329|.68977469670
Huntly East|527402|Huntly East|1338|1611|2949|.45371312309|.54628687690
Cambridge North|527501|Cambridge North|1398|882|2280|.61315789473|.38684210526
Cambridge West|527502|Cambridge West|1206|969|2175|.55448275862|.44551724137
Cambridge Central|527503|Cambridge Central|357|282|639|.55868544600|.44131455399
Leamington West|527504|Leamington West|1536|1176|2712|.56637168141|.43362831858
Leamington East|527505|Leamington East|1707|1167|2874|.59394572025|.40605427974
Ohaupo|527600|Ohaupo|228|171|399|.57142857142|.42857142857
Kihikihi|527700|Kihikihi|753|615|1368|.55043859649|.44956140350
Peacocke|527810|Peacocke|273|153|426|.64084507042|.35915492957
Temple View|527820|Temple View|288|516|804|.35820895522|.64179104477
Te Kowhai|527912|Te Kowhai|780|348|1128|.69148936170|.30851063829
Whatawhata|527913|Whatawhata|1176|636|1812|.64900662251|.35099337748
Ngahinapouri|527914|Ngahinapouri|975|591|1566|.62260536398|.37739463601
Lake Cameron|527915|Lake Cameron|513|366|879|.58361774744|.41638225255
Horotiu|527916|Horotiu|330|213|543|.60773480662|.39226519337
Te Rapa North|527917|Te Rapa North|51|75|126|.40476190476|.59523809523
Te Rore|527921|Te Rore|189|129|318|.59433962264|.40566037735
Pirongia|527922|Pirongia|684|339|1023|.66862170087|.33137829912
Pokuru|527923|Pokuru|189|195|384|.49218750000|.50781250000
Lake Ngaroto|527924|Lake Ngaroto|231|201|432|.53472222222|.46527777777
Tokanui|527925|Tokanui|81|201|282|.28723404255|.71276595744
Pukerimu|527931|Pukerimu|195|135|330|.59090909090|.40909090909
Kaipaki|527932|Kaipaki|465|279|744|.62500000000|.37500000000
Rotoorangi|527934|Rotoorangi|678|690|1368|.49561403508|.50438596491
Te Rahu|527935|Te Rahu|420|282|702|.59829059829|.40170940170
Kihikihi Flat|527936|Kihikihi Flat|387|228|615|.62926829268|.37073170731
Allen Road|527937|Allen Road|90|72|162|.55555555555|.44444444444
Rotongata|528000|Rotongata|255|288|543|.46961325966|.53038674033
Ngaruawahia|528200|Ngaruawahia|1371|1965|3336|.41097122302|.58902877697
Bryant|528310|Bryant|2220|2064|4284|.51820728291|.48179271708
Pukete|528320|Pukete|1032|699|1731|.59618717504|.40381282495
Pukete West|528402|Pukete West|759|669|1428|.53151260504|.46848739495
Te Rapa|528403|Te Rapa|192|114|306|.62745098039|.37254901960
Burbush|528405|Burbush|60|69|129|.46511627906|.53488372093
Rotokauri|528406|Rotokauri|72|66|138|.52173913043|.47826086956
Nawton|528501|Nawton|1560|1767|3327|.46889089269|.53110910730
Crawshaw|528503|Crawshaw|549|1269|1818|.30198019801|.69801980198
Grandview|528504|Grandview|939|1254|2193|.42818057455|.57181942544
Brymer|528505|Brymer|1119|804|1923|.58190327613|.41809672386
Dinsdale North|528601|Dinsdale North|1683|1398|3081|.54625121713|.45374878286
Dinsdale South|528602|Dinsdale South|1317|1533|2850|.46210526315|.53789473684
Beerescourt|528700|Beerescourt|1212|1266|2478|.48910411622|.51089588377
Maeroa|528800|Maeroa|1017|1689|2706|.37583148558|.62416851441
Frankton Junction|528900|Frankton Junction|387|1026|1413|.27388535031|.72611464968
Swarbrick|529000|Swarbrick|972|2220|3192|.30451127819|.69548872180
Brentwood|567600|Brentwood|741|771|1512|.49007936507|.50992063492
Trentham North|567700|Trentham North|990|1272|2262|.43766578249|.56233421750
Heretaunga-Silverstream|567800|Heretaunga-Silverstream|1665|1176|2841|.58606124604|.41393875395
Cloustonville|567901|Cloustonville|186|111|297|.62626262626|.37373737373
Mangaroa|567902|Mangaroa|900|378|1278|.70422535211|.29577464788
Tawhai|568101|Tawhai|1443|1059|2502|.57673860911|.42326139088
Holborn|568102|Holborn|756|732|1488|.50806451612|.49193548387
Delaney|568103|Delaney|627|945|1572|.39885496183|.60114503816
Manuka|568104|Manuka|843|450|1293|.65197215777|.34802784222
Taita North|568201|Taita North|504|1263|1767|.28522920203|.71477079796
Taita South|568202|Taita South|681|1356|2037|.33431516936|.66568483063
Avalon East|568301|Avalon East|726|993|1719|.42233856893|.57766143106
Naenae North|568302|Naenae North|987|2280|3267|.30211202938|.69788797061
Naenae South|568303|Naenae South|894|1611|2505|.35688622754|.64311377245
Avalon West|568401|Avalon West|1161|843|2004|.57934131736|.42065868263
Boulcott|568402|Boulcott|1059|888|1947|.54391371340|.45608628659
Epuni West|568501|Epuni West|1083|1245|2328|.46520618556|.53479381443
Epuni East|568502|Epuni East|1056|1092|2148|.49162011173|.50837988826
Waterloo West|568601|Waterloo West|402|297|699|.57510729613|.42489270386
Waterloo East|568602|Waterloo East|1857|1386|3243|.57261794634|.42738205365
Waiwhetu North|568701|Waiwhetu North|420|591|1011|.41543026706|.58456973293
Waiwhetu South|568702|Waiwhetu South|918|1038|1956|.46932515337|.53067484662
Gracefield|568800|Gracefield|9|36|45|.20000000000|.80000000000
Moera|568900|Moera|345|759|1104|.31250000000|.68750000000
Woburn North|569001|Woburn North|645|393|1038|.62138728323|.37861271676
Woburn South|569002|Woburn South|147|174|321|.45794392523|.54205607476
Hutt Central|569100|Hutt Central|1734|1425|3159|.54890788224|.45109211775
Melling|569201|Melling|162|336|498|.32530120481|.67469879518
Alicetown|569202|Alicetown|744|747|1491|.49899396378|.50100603621
Normandale|569301|Normandale|1050|516|1566|.67049808429|.32950191570
Maungaraki|569302|Maungaraki|1782|1074|2856|.62394957983|.37605042016
Tirohanga|569401|Tirohanga|600|306|906|.66225165562|.33774834437
Belmont|569402|Belmont|1368|726|2094|.65329512893|.34670487106
Kelson|569500|Kelson|1317|720|2037|.64653902798|.35346097201
Haywards-Manor Park|569600|Haywards-Manor Park|165|150|315|.52380952380|.47619047619
Korokoro|569800|Korokoro|678|357|1035|.65507246376|.34492753623
Petone Central|569900|Petone Central|246|456|702|.35042735042|.64957264957
Esplanade|570000|Esplanade|810|1149|1959|.41347626339|.58652373660
Wilford|570100|Wilford|1179|1437|2616|.45068807339|.54931192660
Eastbourne|570300|Eastbourne|2514|1104|3618|.69485903814|.30514096185
Titahi Bay North|570400|Titahi Bay North|789|954|1743|.45266781411|.54733218588
Onepoto|570500|Onepoto|690|576|1266|.54502369668|.45497630331
Titahi Bay South|570600|Titahi Bay South|942|1533|2475|.38060606060|.61939393939
Elsdon-Takapuwahia|570700|Elsdon-Takapuwahia|528|1005|1533|.34442270058|.65557729941
Porirua Central|570800|Porirua Central|24|285|309|.07766990291|.92233009708
Porirua East|570900|Porirua East|348|1044|1392|.25000000000|.75000000000
Ranui Heights|571000|Ranui Heights|465|483|948|.49050632911|.50949367088
Cannons Creek North|571100|Cannons Creek North|312|1689|2001|.15592203898|.84407796101
Cannons Creek South|571200|Cannons Creek South|195|774|969|.20123839009|.79876160990
Cannons Creek East|571300|Cannons Creek East|504|1875|2379|.21185372005|.78814627994
Waitangirua|571400|Waitangirua|390|2139|2529|.15421115065|.84578884934
Papakowhai North|571501|Papakowhai North|1113|708|1821|.61120263591|.38879736408
Papakowhai South|571502|Papakowhai South|1161|525|1686|.68861209964|.31138790035
Ascot Park|571600|Ascot Park|759|1095|1854|.40938511326|.59061488673
Pukerua Bay|571800|Pukerua Bay|948|450|1398|.67811158798|.32188841201
Plimmerton|571900|Plimmerton|984|612|1596|.61654135338|.38345864661
Mana-Camborne|572000|Mana-Camborne|1299|645|1944|.66820987654|.33179012345
Paremata-Postgate|572100|Paremata-Postgate|1236|726|1962|.62996941896|.37003058103
Discovery|572200|Discovery|1350|681|2031|.66469719350|.33530280649
Mana Island|572300|Mana Island|0|0|0|.00000000000|.00000000000
Tawa South|572500|Tawa South|1656|1086|2742|.60393873085|.39606126914
Tawa Central|572600|Tawa Central|1656|1659|3315|.49954751131|.50045248868
Linden|572701|Linden|1461|1530|2991|.48846539618|.51153460381
Greenacres|572702|Greenacres|747|462|1209|.61786600496|.38213399503
Thorndon-Tinakori Road|572900|Thorndon-Tinakori Road|1053|2574|3627|.29032258064|.70967741935
Lambton|573000|Lambton|735|4443|5178|.14194669756|.85805330243
Willis Street-Cambridge Terrace|573101|Willis Street-Cambridge Terrace|1044|5634|6678|.15633423180|.84366576819
Wellington City-Marinas|573102|Wellington City-Marinas|30|6|36|.83333333333|.16666666666
Aro Street-Nairn Street|573200|Aro Street-Nairn Street|516|3000|3516|.14675767918|.85324232081
Mt Cook-Wallace Street|573300|Mt Cook-Wallace Street|552|3957|4509|.12242182302|.87757817697
Mt Victoria West|573400|Mt Victoria West|1167|3630|4797|.24327704815|.75672295184
Glenside North|573511|Glenside North|114|168|282|.40425531914|.59574468085
Churton Park North|573513|Churton Park North|1383|786|2169|.63762102351|.36237897648
Churton Park South|573514|Churton Park South|1458|1023|2481|.58766626360|.41233373639
Grenada North|573522|Grenada North|105|132|237|.44303797468|.55696202531
Grenada Village|573523|Grenada Village|537|408|945|.56825396825|.43174603174
Newlands East|573524|Newlands East|300|270|570|.52631578947|.47368421052
Takapu|573525|Takapu|153|63|216|.70833333333|.29166666666
Horokiwi|573526|Horokiwi|102|36|138|.73913043478|.26086956521
Johnsonville North|573600|Johnsonville North|774|633|1407|.55010660980|.44989339019
Johnsonville Central|573700|Johnsonville Central|1206|1608|2814|.42857142857|.57142857142
Paparangi West|573801|Paparangi West|471|402|873|.53951890034|.46048109965
Johnsonville East|573802|Johnsonville East|372|375|747|.49799196787|.50200803212
Paparangi|573901|Paparangi|729|561|1290|.56511627906|.43488372093
Woodridge|573902|Woodridge|552|414|966|.57142857142|.42857142857
Newlands North|573903|Newlands North|960|1029|1989|.48265460030|.51734539969
Newlands South|574001|Newlands South|1440|1323|2763|.52117263843|.47882736156
Ngauranga East|574002|Ngauranga East|9|15|24|.37500000000|.62500000000
Raroa|574100|Raroa|1494|1356|2850|.52421052631|.47578947368
Khandallah Park-Broadmeadows|574200|Khandallah Park-Broadmeadows|1344|756|2100|.64000000000|.36000000000
Te Kainga|574302|Te Kainga|1866|1059|2925|.63794871794|.36205128205
Ngauranga West|574303|Ngauranga West|0|0|0|.00000000000|.00000000000
Rangoon Heights|574304|Rangoon Heights|1140|753|1893|.60221870047|.39778129952
Awarua|574401|Awarua|1533|825|2358|.65012722646|.34987277353
Ngaio South|574402|Ngaio South|1473|810|2283|.64520367936|.35479632063
Kaiwharawhara|574500|Kaiwharawhara|72|48|120|.60000000000|.40000000000
Wadestown|574600|Wadestown|1566|1131|2697|.58064516129|.41935483870
Crofton Downs|574701|Crofton Downs|723|438|1161|.62273901808|.37726098191
Wilton|574702|Wilton|843|786|1629|.51749539594|.48250460405
Northland North|574703|Northland North|318|297|615|.51707317073|.48292682926
Karori North|574800|Karori North|1188|798|1986|.59818731117|.40181268882
Karori Park|574900|Karori Park|1791|1485|3276|.54670329670|.45329670329
Karori East|575000|Karori East|1644|1086|2730|.60219780219|.39780219780
Karori South|575100|Karori South|1848|1419|3267|.56565656565|.43434343434
Northland|575200|Northland|960|1227|2187|.43895747599|.56104252400
Kelburn|575300|Kelburn|1035|2106|3141|.32951289398|.67048710601
Taitville|575400|Taitville|138|261|399|.34586466165|.65413533834
Mitchelltown|575500|Mitchelltown|240|324|564|.42553191489|.57446808510
Brooklyn|575600|Brooklyn|1509|1716|3225|.46790697674|.53209302325
Vogeltown West|575701|Vogeltown West|450|444|894|.50335570469|.49664429530
Vogeltown|575702|Vogeltown|342|381|723|.47302904564|.52697095435
Kingston-Mornington|575800|Kingston-Mornington|798|927|1725|.46260869565|.53739130434
Brooklyn South|575901|Brooklyn South|399|396|795|.50188679245|.49811320754
Happy Valley-Owhiro Bay|575902|Happy Valley-Owhiro Bay|642|642|1284|.50000000000|.50000000000
Island Bay West|576001|Island Bay West|1383|1158|2541|.54427390791|.45572609208
Island Bay East|576002|Island Bay East|1428|1209|2637|.54152445961|.45847554038
Melrose-Houghton Bay-Southgate|576100|Melrose-Houghton Bay-Southgate|1437|1281|2718|.52869757174|.47130242825
Berhampore West|576200|Berhampore West|606|1440|2046|.29618768328|.70381231671
Newtown West|576301|Newtown West|462|2172|2634|.17539863325|.82460136674
Berhampore East|576302|Berhampore East|258|504|762|.33858267716|.66141732283
Newtown East|576400|Newtown East|864|3078|3942|.21917808219|.78082191780
Adelaide|576500|Adelaide|123|819|942|.13057324840|.86942675159
Oriental Bay|576600|Oriental Bay|462|477|939|.49201277955|.50798722044
Roseneath|576700|Roseneath|621|894|1515|.40990099009|.59009900990
Hataitai North|576800|Hataitai North|1557|2052|3609|.43142144638|.56857855361
Kilbirnie East|576901|Kilbirnie East|948|1545|2493|.38026474127|.61973525872
Kilbirnie West-Hataitai South|576903|Kilbirnie West-Hataitai South|942|1659|2601|.36216839677|.63783160322
Evans Bay Marina|576904|Evans Bay Marina|18|0|18|1.00000000000|.00000000000
Lyall Bay-Airport-Moa Point|577000|Lyall Bay-Airport-Moa Point|1059|1239|2298|.46083550913|.53916449086
Seatoun Tunnel West|577101|Seatoun Tunnel West|303|225|528|.57386363636|.42613636363
Strathmore Park|577102|Strathmore Park|1149|1524|2673|.42985409652|.57014590347
Miramar South|577200|Miramar South|1257|1470|2727|.46094609460|.53905390539
Miramar North|577301|Miramar North|978|873|1851|.52836304700|.47163695299
Miramar|577302|Miramar|939|912|1851|.50729335494|.49270664505
Karaka Bay-Worser Bay|577400|Karaka Bay-Worser Bay|699|423|1122|.62299465240|.37700534759
Seatoun|577500|Seatoun|1095|528|1623|.67467652495|.32532347504
Maupuia|577601|Maupuia|495|636|1131|.43766578249|.56233421750
Miramar West|577602|Miramar West|93|174|267|.34831460674|.65168539325
Makara-Ohariu|577700|Makara-Ohariu|390|252|642|.60747663551|.39252336448
Mangatainoka|577900|Mangatainoka|630|522|1152|.54687500000|.45312500000
Pahiatua|578000|Pahiatua|1014|747|1761|.57580919931|.42419080068
Eketahuna|578100|Eketahuna|228|129|357|.63865546218|.36134453781
Nireaha-Tiraumea|578200|Nireaha-Tiraumea|396|321|717|.55230125523|.44769874476
Homebush-Te Ore Ore|578301|Homebush-Te Ore Ore|324|135|459|.70588235294|.29411764705
Opaki-Fernridge|578302|Opaki-Fernridge|810|324|1134|.71428571428|.28571428571
Kopuaranga|578401|Kopuaranga|819|360|1179|.69465648854|.30534351145
Whareama|578402|Whareama|753|522|1275|.59058823529|.40941176470
Masterton Central|578600|Masterton Central|204|285|489|.41717791411|.58282208588
Masterton West|578700|Masterton West|1245|1077|2322|.53617571059|.46382428940
Masterton East|578800|Masterton East|1155|1416|2571|.44924154025|.55075845974
Solway North|578901|Solway North|1017|822|1839|.55301794453|.44698205546
Solway South|578902|Solway South|1272|1005|2277|.55862977602|.44137022397
Ngaumutawa|579000|Ngaumutawa|633|459|1092|.57967032967|.42032967032
Masterton Railway|579100|Masterton Railway|75|126|201|.37313432835|.62686567164
Lansdowne|579200|Lansdowne|1830|1269|3099|.59051306873|.40948693126
Waingawa|579400|Waingawa|216|174|390|.55384615384|.44615384615
Mt Holdsworth|579501|Mt Holdsworth|717|333|1050|.68285714285|.31714285714
Te Wharau|579502|Te Wharau|858|411|1269|.67612293144|.32387706855
Carterton|579700|Carterton|2208|1416|3624|.60927152317|.39072847682
Tuturumuri|579802|Tuturumuri|165|123|288|.57291666666|.42708333333
Kahutara|579803|Kahutara|1467|924|2391|.61355081555|.38644918444
Inland Water-Lake Wairarapa|579804|Inland Water-Lake Wairarapa|0|0|0|.00000000000|.00000000000
Greytown|579900|Greytown|1167|567|1734|.67301038062|.32698961937
Featherston|580000|Featherston|1050|693|1743|.60240963855|.39759036144
Martinborough|580100|Martinborough|723|441|1164|.62113402061|.37886597938
Havelock|580200|Havelock|243|159|402|.60447761194|.39552238805
Renwick|580300|Renwick|987|600|1587|.62192816635|.37807183364
Woodbourne|580410|Woodbourne|9|291|300|.03000000000|.97000000000
Omaka|580420|Omaka|447|198|645|.69302325581|.30697674418
Spring Creek-Grovetown|580431|Spring Creek-Grovetown|615|366|981|.62691131498|.37308868501
Riverlands|580432|Riverlands|240|114|354|.67796610169|.32203389830
Waikawa|580442|Waikawa|765|330|1095|.69863013698|.30136986301
Marlborough Sounds Coastal Marine|580445|Marlborough Sounds Coastal Marine|27|3|30|.90000000000|.10000000000
Marlborough Sounds Terrestrial|580446|Marlborough Sounds Terrestrial|1734|819|2553|.67920094007|.32079905992
Wairau North|580447|Wairau North|228|81|309|.73786407766|.26213592233
Tuamarina|580448|Tuamarina|579|270|849|.68197879858|.31802120141
Rapaura|580449|Rapaura|630|315|945|.66666666666|.33333333333
Wairau South|580450|Wairau South|768|387|1155|.66493506493|.33506493506
Weld Pass|580451|Weld Pass|96|57|153|.62745098039|.37254901960
Fairhall|580452|Fairhall|240|63|303|.79207920792|.20792079207
Severn|580600|Severn|0|0|0|.00000000000|.00000000000
Ward|580801|Ward|396|306|702|.56410256410|.43589743589
Seddon|580802|Seddon|213|168|381|.55905511811|.44094488188
Lake Tennyson|580900|Lake Tennyson|0|0|0|.00000000000|.00000000000
Picton|581100|Picton|1287|939|2226|.57816711590|.42183288409
Springlands|581210|Springlands|2064|1350|3414|.60456942003|.39543057996
Mayfield|581220|Mayfield|1056|1035|2091|.50502152080|.49497847919
Blenheim Central|581230|Blenheim Central|1062|1032|2094|.50716332378|.49283667621
Whitney|581240|Whitney|1851|1569|3420|.54122807017|.45877192982
Redwoodtown|581250|Redwoodtown|2406|1794|4200|.57285714285|.42714285714
Witherlea|581260|Witherlea|2649|1164|3813|.69472856018|.30527143981
Kaikoura Township|581400|Kaikoura Township|837|741|1578|.53041825095|.46958174904
Kaikoura Rural|581500|Kaikoura Rural|738|453|1191|.61964735516|.38035264483
Golden Bay|581601|Golden Bay|1812|1095|2907|.62332301341|.37667698658
Takaka|581602|Takaka|579|399|978|.59202453987|.40797546012
Glenduan|581713|Glenduan|237|117|354|.66949152542|.33050847457
Ngawhatu|581715|Ngawhatu|1377|639|2016|.68303571428|.31696428571
Aniseed Hill|581717|Aniseed Hill|357|162|519|.68786127167|.31213872832
Hope|581720|Hope|516|339|855|.60350877192|.39649122807
Saxton Island|581721|Saxton Island|0|0|0|.00000000000|.00000000000
Waimea Inlet East|581722|Waimea Inlet East|0|0|0|.00000000000|.00000000000
Saxton|581723|Saxton|1071|501|1572|.68129770992|.31870229007
Best Island|581724|Best Island|42|24|66|.63636363636|.36363636363
Bell Island|581725|Bell Island|0|0|0|.00000000000|.00000000000
Ranzau|581726|Ranzau|351|261|612|.57352941176|.42647058823
Richmond Hill|581811|Richmond Hill|36|12|48|.75000000000|.25000000000
Whangamoa|581812|Whangamoa|453|219|672|.67410714285|.32589285714
Brightwater|581822|Brightwater|900|375|1275|.70588235294|.29411764705
Wakefield|581823|Wakefield|1068|453|1521|.70216962524|.29783037475
Mapua|581825|Mapua|1095|471|1566|.69923371647|.30076628352
Inlet-Motueka|581831|Inlet-Motueka|0|0|0|.00000000000|.00000000000
Kaiteriteri|581832|Kaiteriteri|375|234|609|.61576354679|.38423645320
Motueka Outer|581833|Motueka Outer|1869|1236|3105|.60193236714|.39806763285
Rabbit Island|581834|Rabbit Island|0|0|0|.00000000000|.00000000000
Waimea Inlet West|581835|Waimea Inlet West|0|0|0|.00000000000|.00000000000
Wai-Iti|581836|Wai-Iti|2793|1371|4164|.67074927953|.32925072046
Golden Downs|581841|Golden Downs|429|246|675|.63555555555|.36444444444
Lake Rotoroa|581842|Lake Rotoroa|270|198|468|.57692307692|.42307692307
Murchison|581843|Murchison|264|135|399|.66165413533|.33834586466
Tapawera|581844|Tapawera|162|126|288|.56250000000|.43750000000
Riwaka|581850|Riwaka|411|249|660|.62272727272|.37727272727
Clifton|582000|Clifton|771|297|1068|.72191011235|.27808988764
Atawhai|582100|Atawhai|1377|669|2046|.67302052785|.32697947214
Port Nelson|582200|Port Nelson|54|15|69|.78260869565|.21739130434
The Wood|582300|The Wood|1224|1158|2382|.51385390428|.48614609571
Britannia|582401|Britannia|672|387|1059|.63456090651|.36543909348
Washington|582402|Washington|894|1143|2037|.43888070692|.56111929307
Trafalgar|582500|Trafalgar|111|282|393|.28244274809|.71755725190
Maitai|582600|Maitai|228|240|468|.48717948717|.51282051282
Kirks|582700|Kirks|243|330|573|.42408376963|.57591623036
Bronte|582800|Bronte|744|549|1293|.57540603248|.42459396751
Atmore|582900|Atmore|579|369|948|.61075949367|.38924050632
Tahunanui|583000|Tahunanui|726|909|1635|.44403669724|.55596330275
Tahuna Hills|583100|Tahuna Hills|1146|675|1821|.62932454695|.37067545304
Toi Toi|583201|Toi Toi|600|582|1182|.50761421319|.49238578680
Broads|583202|Broads|504|612|1116|.45161290322|.54838709677
Grampians|583300|Grampians|741|1035|1776|.41722972972|.58277027027
The Brook|583400|The Brook|591|432|1023|.57771260997|.42228739002
Nelson Airport|583500|Nelson Airport|324|348|672|.48214285714|.51785714285
Nayland|583600|Nayland|345|309|654|.52752293577|.47247706422
Enner Glynn|583700|Enner Glynn|1476|1005|2481|.59492140266|.40507859733
Maitlands|583800|Maitlands|1113|756|1869|.59550561797|.40449438202
Isel Park|583900|Isel Park|1284|1161|2445|.52515337423|.47484662576
Langbein|584000|Langbein|1395|1140|2535|.55029585798|.44970414201
Richmond East|584201|Richmond East|2709|1881|4590|.59019607843|.40980392156
Richmond West|584202|Richmond West|3237|1803|5040|.64226190476|.35773809523
Motueka West|584301|Motueka West|1584|1203|2787|.56835306781|.43164693218
Motueka East|584303|Motueka East|1866|1203|3069|.60801564027|.39198435972
Moutere Inlet|584304|Moutere Inlet|0|0|0|.00000000000|.00000000000
Jackett Island|584305|Jackett Island|6|0|6|1.00000000000|.00000000000
Karamea|584402|Karamea|183|108|291|.62886597938|.37113402061
Hector-Ngakawau|584403|Hector-Ngakawau|120|63|183|.65573770491|.34426229508
Granity|584404|Granity|117|66|183|.63934426229|.36065573770
Orowaiti|584405|Orowaiti|372|222|594|.62626262626|.37373737373
Little Wanganui|584407|Little Wanganui|114|54|168|.67857142857|.32142857142
Mokihinui|584408|Mokihinui|96|48|144|.66666666666|.33333333333
Buller Coalfields|584409|Buller Coalfields|273|138|411|.66423357664|.33576642335
Westport Rural|584410|Westport Rural|753|423|1176|.64030612244|.35969387755
Charleston|584411|Charleston|174|84|258|.67441860465|.32558139534
Inangahua Junction|584412|Inangahua Junction|54|45|99|.54545454545|.45454545454
Westport Urban|584500|Westport Urban|1713|1314|3027|.56590683845|.43409316154
Reefton|584600|Reefton|420|375|795|.52830188679|.47169811320
Inangahua Valley|584701|Inangahua Valley|141|120|261|.54022988505|.45977011494
Mawheraiti|584702|Mawheraiti|132|156|288|.45833333333|.54166666666
Maruia|584703|Maruia|39|78|117|.33333333333|.66666666666
Karoro|584800|Karoro|501|228|729|.68724279835|.31275720164
Kaiata|584911|Kaiata|156|69|225|.69333333333|.30666666666
South Beach-Camerons|584912|South Beach-Camerons|675|255|930|.72580645161|.27419354838
Blackball|584922|Blackball|153|72|225|.68000000000|.32000000000
Point Elizabeth|584923|Point Elizabeth|45|21|66|.68181818181|.31818181818
Dobson|584930|Dobson|330|183|513|.64327485380|.35672514619
Barrytown|584931|Barrytown|102|63|165|.61818181818|.38181818181
Coal Creek|584932|Coal Creek|30|6|36|.83333333333|.16666666666
Atarau|584933|Atarau|72|66|138|.52173913043|.47826086956
Greymouth Rural|584934|Greymouth Rural|42|21|63|.66666666666|.33333333333
Marsden-Hohonu|584935|Marsden-Hohonu|216|75|291|.74226804123|.25773195876
Arnold Valley|584936|Arnold Valley|48|72|120|.40000000000|.60000000000
Nelson Creek-Ngahere|584937|Nelson Creek-Ngahere|168|81|249|.67469879518|.32530120481
Ahaura|584938|Ahaura|150|114|264|.56818181818|.43181818181
Lake Brunner|584939|Lake Brunner|108|93|201|.53731343283|.46268656716
Haupiri|584940|Haupiri|12|237|249|.04819277108|.95180722891
Runanga-Rapahoe|585000|Runanga-Rapahoe|582|330|912|.63815789473|.36184210526
Cobden|585110|Cobden|597|567|1164|.51288659793|.48711340206
Blaketown|585120|Blaketown|417|297|714|.58403361344|.41596638655
Greymouth Central|585130|Greymouth Central|153|336|489|.31288343558|.68711656441
Greymouth South|585140|Greymouth South|1173|996|2169|.54080221300|.45919778699
Kumara|585306|Kumara|168|72|240|.70000000000|.30000000000
Kaniere|585307|Kaniere|246|105|351|.70085470085|.29914529914
Ross|585309|Ross|168|66|234|.71794871794|.28205128205
Harihari|585311|Harihari|144|108|252|.57142857142|.42857142857
Franz Josef|585312|Franz Josef|87|240|327|.26605504587|.73394495412
Fox Glacier|585313|Fox Glacier|63|171|234|.26923076923|.73076923076
Taramakau|585314|Taramakau|120|66|186|.64516129032|.35483870967
Otira|585315|Otira|18|24|42|.42857142857|.57142857142
Waimea-Arahura|585316|Waimea-Arahura|318|156|474|.67088607594|.32911392405
Hokitika Rural|585317|Hokitika Rural|465|183|648|.71759259259|.28240740740
Hokitika Valley|585318|Hokitika Valley|201|159|360|.55833333333|.44166666666
Totara River|585319|Totara River|18|18|36|.50000000000|.50000000000
Waitaha|585320|Waitaha|39|36|75|.52000000000|.48000000000
Whataroa|585321|Whataroa|96|123|219|.43835616438|.56164383561
Waiho|585322|Waiho|33|21|54|.61111111111|.38888888888
Karangarua|585323|Karangarua|12|9|21|.57142857142|.42857142857
Bruce Bay-Paringa|585324|Bruce Bay-Paringa|18|9|27|.66666666666|.33333333333
Haast|585325|Haast|132|63|195|.67692307692|.32307692307
Hokitika Urban|585400|Hokitika Urban|1248|1092|2340|.53333333333|.46666666666
Hanmer Springs|585502|Hanmer Springs|324|324|648|.50000000000|.50000000000
Culverden|585504|Culverden|177|138|315|.56190476190|.43809523809
Waiau|585505|Waiau|111|93|204|.54411764705|.45588235294
Amuri|585506|Amuri|540|684|1224|.44117647058|.55882352941
Parnassus|585601|Parnassus|447|267|714|.62605042016|.37394957983
Cheviot|585602|Cheviot|171|126|297|.57575757575|.42424242424
Hurunui|585700|Hurunui|1233|771|2004|.61526946107|.38473053892
Amberley|585802|Amberley|810|456|1266|.63981042654|.36018957345
Leithfield|585803|Leithfield|1464|690|2154|.67966573816|.32033426183
Sefton|585805|Sefton|303|165|468|.64743589743|.35256410256
Okuku|585806|Okuku|315|150|465|.67741935483|.32258064516
Loburn|585807|Loburn|1164|474|1638|.71062271062|.28937728937
Ashley|585808|Ashley|591|225|816|.72426470588|.27573529411
Camside|586001|Camside|6|9|15|.40000000000|.60000000000
Pines-Kairaki Beach|586002|Pines-Kairaki Beach|243|150|393|.61832061068|.38167938931
Waikuku|586112|Waikuku|435|261|696|.62500000000|.37500000000
Cust|586114|Cust|255|99|354|.72033898305|.27966101694
Mairaki|586115|Mairaki|288|87|375|.76800000000|.23200000000
Woodend|586120|Woodend|1425|654|2079|.68542568542|.31457431457
Fernside|586121|Fernside|987|363|1350|.73111111111|.26888888888
Lehmans|586122|Lehmans|978|276|1254|.77990430622|.22009569377
Pegasus|586124|Pegasus|540|246|786|.68702290076|.31297709923
Woodend Beach|586126|Woodend Beach|210|177|387|.54263565891|.45736434108
Coldstream|586127|Coldstream|246|174|420|.58571428571|.41428571428
Ravenswood|586128|Ravenswood|6|6|12|.50000000000|.50000000000
Tuahiwi|586129|Tuahiwi|516|351|867|.59515570934|.40484429065
Woodend West|586130|Woodend West|27|18|45|.60000000000|.40000000000
Rangiora East|586303|Rangiora East|1101|777|1878|.58626198083|.41373801916
Southbrook|586304|Southbrook|333|249|582|.57216494845|.42783505154
Kingsbury|586305|Kingsbury|1296|447|1743|.74354561101|.25645438898
Rangiora North|586306|Rangiora North|1488|1047|2535|.58698224852|.41301775147
Rangiora West|586307|Rangiora West|1383|780|2163|.63938973647|.36061026352
Rangiora Central|586308|Rangiora Central|885|609|1494|.59236947791|.40763052208
Kaiapoi South|586403|Kaiapoi South|933|681|1614|.57806691449|.42193308550
Mansfield|586404|Mansfield|1068|411|1479|.72210953346|.27789046653
Courtenay|586405|Courtenay|270|96|366|.73770491803|.26229508196
Kaiapoi East|586407|Kaiapoi East|420|303|723|.58091286307|.41908713692
Kaiapoi North West|586408|Kaiapoi North West|558|465|1023|.54545454545|.45454545454
Kaiapoi North East|586409|Kaiapoi North East|783|342|1125|.69600000000|.30400000000
Clarkville|586501|Clarkville|666|276|942|.70700636942|.29299363057
Kaiapoi West|586503|Kaiapoi West|432|405|837|.51612903225|.48387096774
Silverstream|586504|Silverstream|21|18|39|.53846153846|.46153846153
Mandeville|586603|Mandeville|1344|564|1908|.70440251572|.29559748427
Ohoka|586604|Ohoka|615|237|852|.72183098591|.27816901408
West Eyreton|586605|West Eyreton|669|273|942|.71019108280|.28980891719
Eyrewell|586606|Eyrewell|627|318|945|.66349206349|.33650793650
Ashley Gorge|586801|Ashley Gorge|810|438|1248|.64903846153|.35096153846
Oxford|586802|Oxford|975|483|1458|.66872427983|.33127572016
Darfield|586900|Darfield|945|561|1506|.62749003984|.37250996015
Kirwee|587010|Kirwee|1758|894|2652|.66289592760|.33710407239
Burnham Military Camp|587020|Burnham Military Camp|18|849|867|.02076124567|.97923875432
Malvern|587100|Malvern|1377|969|2346|.58695652173|.41304347826
Halswell South|587302|Halswell South|1197|582|1779|.67284991568|.32715008431
Oaklands West|587303|Oaklands West|1293|606|1899|.68088467614|.31911532385
Oaklands East|587304|Oaklands East|1584|957|2541|.62337662337|.37662337662
Hornby North|587400|Hornby North|1179|1257|2436|.48399014778|.51600985221
Hornby South|587500|Hornby South|1881|2061|3942|.47716894977|.52283105022
Sockburn|587701|Sockburn|1980|3348|5328|.37162162162|.62837837837
Wigram|587702|Wigram|1428|1428|2856|.50000000000|.50000000000
Yaldhurst|587811|Yaldhurst|621|450|1071|.57983193277|.42016806722
Broomfield|587812|Broomfield|1032|981|2013|.51266766020|.48733233979
Paparua|587821|Paparua|174|507|681|.25550660792|.74449339207
Templeton|587822|Templeton|894|486|1380|.64782608695|.35217391304
Islington|587830|Islington|1167|1098|2265|.51523178807|.48476821192
Halswell West|587842|Halswell West|243|132|375|.64800000000|.35200000000
Westmorland|587844|Westmorland|1098|384|1482|.74089068825|.25910931174
Aidanfield|587845|Aidanfield|1425|831|2256|.63164893617|.36835106382
Halswell Domain|587846|Halswell Domain|849|357|1206|.70398009950|.29601990049
Hendersons Basin|587847|Hendersons Basin|276|249|525|.52571428571|.47428571428
Prebbleton|587848|Prebbleton|1224|441|1665|.73513513513|.26486486486
Trents-Ladbrooks|587849|Trents-Ladbrooks|831|462|1293|.64269141531|.35730858468
Mcleans Island|587902|Mcleans Island|111|69|180|.61666666666|.38333333333
Kennedys Bush|587903|Kennedys Bush|360|147|507|.71005917159|.28994082840
West Melton|587904|West Melton|3585|1854|5439|.65912851627|.34087148372
Taitapu|587905|Taitapu|309|141|450|.68666666666|.31333333333
Redwood North|588101|Redwood North|1923|1302|3225|.59627906976|.40372093023
Redwood South|588102|Redwood South|1380|969|2349|.58748403575|.41251596424
Styx Mill|588200|Styx Mill|1338|1065|2403|.55680399500|.44319600499
Casebrook|588300|Casebrook|888|1056|1944|.45679012345|.54320987654
Belfast South|588401|Belfast South|1965|885|2850|.68947368421|.31052631578
Sawyers Arms|588402|Sawyers Arms|1614|909|2523|.63971462544|.36028537455
Bishopdale North|588500|Bishopdale North|2196|1464|3660|.60000000000|.40000000000
Harewood|588600|Harewood|1470|1044|2514|.58472553699|.41527446300
Bishopdale|588700|Bishopdale|990|981|1971|.50228310502|.49771689497
Russley|588800|Russley|1431|1110|2541|.56316410861|.43683589138
Burnside|588900|Burnside|969|852|1821|.53212520593|.46787479406
Wairarapa|589000|Wairarapa|654|780|1434|.45606694560|.54393305439
Jellie Park|589100|Jellie Park|612|1446|2058|.29737609329|.70262390670
Bryndwr|589200|Bryndwr|1293|1071|2364|.54695431472|.45304568527
Holmwood|589300|Holmwood|975|624|1599|.60975609756|.39024390243
Fendalton|589400|Fendalton|1209|1143|2352|.51403061224|.48596938775
Deans Bush|589500|Deans Bush|804|459|1263|.63657957244|.36342042755
Hawthornden|589601|Hawthornden|1617|1023|2640|.61250000000|.38750000000
Merrin|589602|Merrin|633|561|1194|.53015075376|.46984924623
Westburn|589700|Westburn|1173|1236|2409|.48692403486|.51307596513
Avonhead West|589800|Avonhead West|1410|1011|2421|.58240396530|.41759603469
Avonhead|589900|Avonhead|1581|1296|2877|.54953076120|.45046923879
Ilam|590000|Ilam|1326|2943|4269|.31061138439|.68938861560
Upper Riccarton|590100|Upper Riccarton|654|2079|2733|.23929747530|.76070252469
Wharenui|590200|Wharenui|528|1695|2223|.23751686909|.76248313090
Middleton|590300|Middleton|582|927|1509|.38568588469|.61431411530
Belfast|590400|Belfast|1995|1335|3330|.59909909909|.40090090090
Travis Wetland|590501|Travis Wetland|2418|1179|3597|.67222685571|.32777314428
Mairehau North|590504|Mairehau North|900|522|1422|.63291139240|.36708860759
Westhaven|590505|Westhaven|1224|684|1908|.64150943396|.35849056603
Highfield Park|590506|Highfield Park|345|306|651|.52995391705|.47004608294
Prestons|590507|Prestons|144|90|234|.61538461538|.38461538461
Parklands|590602|Parklands|2025|1473|3498|.57890222984|.42109777015
Waimairi Beach|590603|Waimairi Beach|1575|921|2496|.63100961538|.36899038461
Styx|590604|Styx|1035|681|1716|.60314685314|.39685314685
Mona Vale|590701|Mona Vale|804|1119|1923|.41809672386|.58190327613
Riccarton West|590702|Riccarton West|276|2157|2433|.11344019728|.88655980271
Riccarton|590800|Riccarton|606|2781|3387|.17891939769|.82108060230
Riccarton South|590900|Riccarton South|78|360|438|.17808219178|.82191780821
Cashmere West|591101|Cashmere West|1620|819|2439|.66420664206|.33579335793
Cashmere East|591102|Cashmere East|2028|936|2964|.68421052631|.31578947368
Rapaki Track|591200|Rapaki Track|696|366|1062|.65536723163|.34463276836
Heathcote Valley|591300|Heathcote Valley|984|519|1503|.65469061876|.34530938123
Cathedral Square|591500|Cathedral Square|48|378|426|.11267605633|.88732394366
Hagley Park|591600|Hagley Park|225|630|855|.26315789473|.73684210526
Avon Loop|591700|Avon Loop|567|2385|2952|.19207317073|.80792682926
Northcote|591800|Northcote|948|963|1911|.49607535321|.50392464678
Papanui|591900|Papanui|1500|1344|2844|.52742616033|.47257383966
Aorangi|592000|Aorangi|2142|2181|4323|.49548924358|.50451075641
Strowan|592100|Strowan|1596|1236|2832|.56355932203|.43644067796
Merivale|592200|Merivale|1005|1242|2247|.44726301735|.55273698264
Rutland|592300|Rutland|2157|1776|3933|.54843630816|.45156369183
St Albans West|592401|St Albans West|753|1287|2040|.36911764705|.63088235294
St Albans East|592402|St Albans East|1212|2634|3846|.31513260530|.68486739469
Mairehau|592500|Mairehau|1206|975|2181|.55295735900|.44704264099
Edgeware|592600|Edgeware|915|2352|3267|.28007346189|.71992653810
Shirley West|592701|Shirley West|1290|1467|2757|.46789989118|.53210010881
Shirley East|592702|Shirley East|1182|1437|2619|.45131729667|.54868270332
Burwood|592811|Burwood|492|369|861|.57142857142|.42857142857
Dallington|592812|Dallington|768|657|1425|.53894736842|.46105263157
Travis|592820|Travis|948|699|1647|.57559198542|.42440801457
Avondale|592900|Avondale|1107|795|1902|.58201892744|.41798107255
Wainoni|593000|Wainoni|945|1059|2004|.47155688622|.52844311377
Aranui|593100|Aranui|849|1770|2619|.32416953035|.67583046964
Richmond North|593200|Richmond North|885|897|1782|.49663299663|.50336700336
Richmond South|593300|Richmond South|399|1236|1635|.24403669724|.75596330275
Avonside|593400|Avonside|531|834|1365|.38901098901|.61098901098
Linwood|593501|Linwood|747|2664|3411|.21899736147|.78100263852
Phillipstown|593502|Phillipstown|684|2064|2748|.24890829694|.75109170305
Linwood North|593600|Linwood North|795|1014|1809|.43946932006|.56053067993
Linwood East|593700|Linwood East|594|849|1443|.41164241164|.58835758835
Bexley|593800|Bexley|837|894|1731|.48353552859|.51646447140
Bromley|593900|Bromley|1011|1134|2145|.47132867132|.52867132867
Woolston West|594010|Woolston West|1143|1458|2601|.43944636678|.56055363321
Ferrymead|594020|Ferrymead|1317|1218|2535|.51952662721|.48047337278
Woolston South|594100|Woolston South|765|1038|1803|.42429284525|.57570715474
Ensors|594200|Ensors|1056|1680|2736|.38596491228|.61403508771
Opawa|594300|Opawa|1368|1038|2406|.56857855361|.43142144638
St Martins|594400|St Martins|2079|1197|3276|.63461538461|.36538461538
Waltham|594500|Waltham|177|648|825|.21454545454|.78545454545
Sydenham|594600|Sydenham|1416|3324|4740|.29873417721|.70126582278
Addington|594700|Addington|633|2235|2868|.22071129707|.77928870292
Barrington North|594800|Barrington North|2055|2289|4344|.47306629834|.52693370165
Barrington South|594900|Barrington South|1299|1122|2421|.53655514250|.46344485749
Spreydon|595000|Spreydon|1239|1485|2724|.45484581497|.54515418502
Hoon Hay|595100|Hoon Hay|1323|888|2211|.59837177747|.40162822252
Hoon Hay South|595200|Hoon Hay South|996|549|1545|.64466019417|.35533980582
Hillmorton|595300|Hillmorton|1620|1770|3390|.47787610619|.52212389380
Somerfield|595400|Somerfield|1641|1122|2763|.59391965255|.40608034744
Beckenham|595500|Beckenham|1200|624|1824|.65789473684|.34210526315
North Beach|595600|North Beach|1938|1512|3450|.56173913043|.43826086956
Rawhiti|595700|Rawhiti|1410|1305|2715|.51933701657|.48066298342
New Brighton|595800|New Brighton|894|945|1839|.48613376835|.51386623164
South Brighton|595900|South Brighton|1473|984|2457|.59951159951|.40048840048
Mt Pleasant|596000|Mt Pleasant|1947|684|2631|.74002280501|.25997719498
Avon-Heathcote Estuary|596101|Avon-Heathcote Estuary|0|0|0|.00000000000|.00000000000
Moncks Bay|596102|Moncks Bay|1554|762|2316|.67098445595|.32901554404
Sumner|596200|Sumner|1530|1152|2682|.57046979865|.42953020134
Lyttelton|596400|Lyttelton|1416|774|2190|.64657534246|.35342465753
Diamond Harbour|596502|Diamond Harbour|858|336|1194|.71859296482|.28140703517
Governors Bay|596503|Governors Bay|480|216|696|.68965517241|.31034482758
Quail Island|596504|Quail Island|0|0|0|.00000000000|.00000000000
Port Levy|596600|Port Levy|45|24|69|.65217391304|.34782608695
Akaroa|596800|Akaroa|303|213|516|.58720930232|.41279069767
Akaroa Harbour|596901|Akaroa Harbour|432|213|645|.66976744186|.33023255813
Banks Peninsula Eastern Bays|596902|Banks Peninsula Eastern Bays|207|129|336|.61607142857|.38392857142
Chatham Islands|597000|Chatham Islands|213|243|456|.46710526315|.53289473684
Little River|597101|Little River|582|264|846|.68794326241|.31205673758
Inland Water-Lake Ellesmere South|597102|Inland Water-Lake Ellesmere South|0|0|0|.00000000000|.00000000000
Lincoln|597200|Lincoln|1578|1563|3141|.50238777459|.49761222540
Leeston|597300|Leeston|762|369|1131|.67374005305|.32625994694
Southbridge|597400|Southbridge|471|162|633|.74407582938|.25592417061
Dunsandel|597503|Dunsandel|234|102|336|.69642857142|.30357142857
Inland Water-Lake Ellesmere North|597505|Inland Water-Lake Ellesmere North|0|0|0|.00000000000|.00000000000
Selwyn-Rakaia|597506|Selwyn-Rakaia|1524|1395|2919|.52209660842|.47790339157
Rolleston North West|597507|Rolleston North West|873|423|1296|.67361111111|.32638888888
Rolleston Central|597508|Rolleston Central|1410|708|2118|.66572237960|.33427762039
Rolleston North East|597509|Rolleston North East|1023|558|1581|.64705882352|.35294117647
Rolleston South West|597510|Rolleston South West|1032|318|1350|.76444444444|.23555555555
Springston|597512|Springston|1419|870|2289|.61992136304|.38007863695
Rolleston South East|597513|Rolleston South East|306|162|468|.65384615384|.34615384615
Methven|597600|Methven|762|507|1269|.60047281323|.39952718676
Plains Railway|597712|Plains Railway|351|117|468|.75000000000|.25000000000
Ashburton North|597713|Ashburton North|165|63|228|.72368421052|.27631578947
Fairton|597714|Fairton|420|135|555|.75675675675|.24324324324
Ashburton East|597715|Ashburton East|225|48|273|.82417582417|.17582417582
Mt Somers|597720|Mt Somers|936|960|1896|.49367088607|.50632911392
Hinds|597730|Hinds|1500|1827|3327|.45085662759|.54914337240
Chertsey|597741|Chertsey|828|963|1791|.46231155778|.53768844221
Rakaia|597742|Rakaia|540|336|876|.61643835616|.38356164383
Allenton West|597811|Allenton West|915|651|1566|.58429118773|.41570881226
Allenton East|597812|Allenton East|2127|1155|3282|.64808043875|.35191956124
Ashburton Central West|597820|Ashburton Central West|519|363|882|.58843537414|.41156462585
Netherby|597830|Netherby|684|696|1380|.49565217391|.50434782608
Ashburton Central East|597840|Ashburton Central East|711|687|1398|.50858369098|.49141630901
Hampstead|597850|Hampstead|1107|1026|2133|.51898734177|.48101265822
Tinwald|597860|Tinwald|1527|843|2370|.64430379746|.35569620253
Winchester|598000|Winchester|135|78|213|.63380281690|.36619718309
Fairview-Scarborough|598201|Fairview-Scarborough|336|120|456|.73684210526|.26315789473
Otipua Creek-Washdyke Flat|598202|Otipua Creek-Washdyke Flat|369|114|483|.76397515527|.23602484472
Ben Mcleod|598311|Ben Mcleod|18|42|60|.30000000000|.70000000000
Orari|598312|Orari|2196|1368|3564|.61616161616|.38383838383
Levels|598313|Levels|2094|885|2979|.70292044310|.29707955689
Pareora|598314|Pareora|183|126|309|.59223300970|.40776699029
Pleasant Point|598320|Pleasant Point|666|285|951|.70031545741|.29968454258
Geraldine|598500|Geraldine|1230|645|1875|.65600000000|.34400000000
Temuka|598600|Temuka|2109|1122|3231|.65273909006|.34726090993
Washdyke|598700|Washdyke|462|243|705|.65531914893|.34468085106
Waimataitai|598800|Waimataitai|564|447|1011|.55786350148|.44213649851
Marchwiel|598900|Marchwiel|1812|1155|2967|.61071789686|.38928210313
Maori Park|599000|Maori Park|450|354|804|.55970149253|.44029850746
Highfield|599100|Highfield|1755|900|2655|.66101694915|.33898305084
Glenwood|599200|Glenwood|861|531|1392|.61853448275|.38146551724
Gleniti|599300|Gleniti|1425|507|1932|.73757763975|.26242236024
Fraser Park|599400|Fraser Park|1401|765|2166|.64681440443|.35318559556
Seaview|599500|Seaview|945|999|1944|.48611111111|.51388888888
Watlington|599600|Watlington|1008|747|1755|.57435897435|.42564102564
Parkside|599700|Parkside|942|966|1908|.49371069182|.50628930817
Timaru Gardens|599800|Timaru Gardens|678|528|1206|.56218905472|.43781094527
Redruth|599900|Redruth|21|27|48|.43750000000|.56250000000
Twizel Community|600100|Twizel Community|534|336|870|.61379310344|.38620689655
Fairlie|600200|Fairlie|384|195|579|.66321243523|.33678756476
Mt Cook|600312|Mt Cook|6|144|150|.04000000000|.96000000000
Lake Tekapo|600320|Lake Tekapo|123|168|291|.42268041237|.57731958762
Inland Water-Lake Alexandrina|600321|Inland Water-Lake Alexandrina|0|0|0|.00000000000|.00000000000
Inland Water-Lake Tekapo|600322|Inland Water-Lake Tekapo|0|0|0|.00000000000|.00000000000
Mackenzie|600323|Mackenzie|711|552|1263|.56294536817|.43705463182
Waihao|600410|Waihao|1998|1404|3402|.58730158730|.41269841269
St Andrews|600420|St Andrews|93|45|138|.67391304347|.32608695652
Waimate|600500|Waimate|1497|771|2268|.66005291005|.33994708994
Weston|600600|Weston|432|168|600|.72000000000|.28000000000
Pukeuri|600811|Pukeuri|96|57|153|.62745098039|.37254901960
Ardgowan|600812|Ardgowan|402|108|510|.78823529411|.21176470588
Cape Wanbrow|600813|Cape Wanbrow|159|81|240|.66250000000|.33750000000
Duntroon|600822|Duntroon|39|33|72|.54166666666|.45833333333
Kurow|600824|Kurow|177|87|264|.67045454545|.32954545454
Maheno|600826|Maheno|1788|1092|2880|.62083333333|.37916666666
Omarama|600827|Omarama|114|93|207|.55072463768|.44927536231
Kakanui|600828|Kakanui|237|78|315|.75238095238|.24761904761
Otematata|600830|Otematata|99|57|156|.63461538461|.36538461538
Aviemore|600831|Aviemore|246|288|534|.46067415730|.53932584269
Inland Water-Lake Ohau|600832|Inland Water-Lake Ohau|0|0|0|.00000000000|.00000000000
Hampden|600840|Hampden|174|75|249|.69879518072|.30120481927
Oamaru North|601010|Oamaru North|1446|1101|2547|.56772673733|.43227326266
Orana Park|601020|Orana Park|1014|777|1791|.56616415410|.43383584589
Oamaru Central|601030|Oamaru Central|1116|795|1911|.58398744113|.41601255886
Oamaru South|601040|Oamaru South|1509|720|2229|.67698519515|.32301480484
Palmerston|601200|Palmerston|384|216|600|.64000000000|.36000000000
Waihemo|601301|Waihemo|339|180|519|.65317919075|.34682080924
Hyde|601302|Hyde|24|27|51|.47058823529|.52941176470
Waikouaiti|601400|Waikouaiti|663|240|903|.73421926910|.26578073089
Aramoana|601500|Aramoana|150|60|210|.71428571428|.28571428571
Waitati|601602|Waitati|267|138|405|.65925925925|.34074074074
Evansdale|601603|Evansdale|777|318|1095|.70958904109|.29041095890
Karitane|601604|Karitane|210|90|300|.70000000000|.30000000000
Warrington|601605|Warrington|249|87|336|.74107142857|.25892857142
Nenthorn|601700|Nenthorn|48|27|75|.64000000000|.36000000000
Fairfield|601900|Fairfield|1383|426|1809|.76451077943|.23548922056
Brighton|602000|Brighton|711|351|1062|.66949152542|.33050847457
